"","gene","p_val","avg_log2FC","pct.1","pct.2","p_val_adj"
"1","Chil3",4.50407485763095e-262,1.97832976751615,0.743,0.178,1.45414056778615e-257
"2","Lyz2",2.36123283660697e-247,1.24690777728849,0.998,0.969,7.6232402129856e-243
"3","Mgst1",3.3089597269589e-217,1.1865682849824,0.867,0.392,1.06829764784868e-212
"4","Apoc2",3.45373168603494e-215,1.32608722730759,0.916,0.525,1.11503727483638e-210
"5","Cd81",9.29863680442467e-191,-2.79278462698689,0.299,0.69,3.0020648923085e-186
"6","Sparc",4.80566459225491e-167,-2.41004351241007,0.137,0.534,1.5515088136095e-162
"7","Ly6c2",2.31728673690617e-164,1.2125378883541,0.907,0.521,7.48136023010156e-160
"8","Saa3",4.29372745276424e-162,1.63490224311956,0.785,0.375,1.38622990812493e-157
"9","Arg1",5.02071059460714e-162,1.5151853102537,0.797,0.377,1.62093641546892e-157
"10","Prdx5",2.17091814265487e-159,0.844521993381936,0.989,0.926,7.00880922356125e-155
"11","Fn1",3.40982124779376e-153,1.01372348078051,0.866,0.513,1.10086078985022e-148
"12","Msrb1",1.99280021296979e-152,0.848172872113971,0.957,0.68,6.43375548757297e-148
"13","Pla2g7",7.60217576889455e-148,0.829593523624665,0.926,0.554,2.45436244698761e-143
"14","Ftl1",4.73551222218424e-147,0.669097313198426,1,0.992,1.52886012093218e-142
"15","Apoe",2.39643904482156e-145,0.990393342547171,0.998,0.975,7.73690345620639e-141
"16","Lgals3",4.6302359854857e-145,0.89623967063693,0.974,0.811,1.49487168791406e-140
"17","Cst3",8.69673302158622e-142,-1.73689482665111,0.991,0.985,2.80774025601911e-137
"18","Hp",1.79053864241162e-141,1.09127498273009,0.741,0.332,5.78075400702591e-137
"19","S100a8",2.51428507276121e-140,2.73354788762673,0.597,0.184,8.11736935740956e-136
"20","Siglech",6.06360291950254e-135,-1.21700811210234,0.066,0.403,1.9576342025614e-130
"21","F10",6.49107380362688e-133,0.839597369641224,0.823,0.404,2.09564317750094e-128
"22","F13a1",1.09671480241444e-128,0.749262157105528,0.545,0.158,3.54074373959503e-124
"23","Cstb",3.72199655672026e-128,0.771271203542943,0.976,0.885,1.20164658833714e-123
"24","Fth1",1.87255564809089e-126,0.712378315133776,1,1,6.04554590986144e-122
"25","Ier3",6.85247389479043e-125,0.979186106334767,0.831,0.5,2.21232119693309e-120
"26","Cxcl2",1.23559807647242e-123,1.16337087058945,0.872,0.569,3.98912838989121e-119
"27","Aprt",3.56464990180261e-123,0.722955093984676,0.869,0.577,1.15084722079697e-118
"28","Clec4d",4.73434657222987e-122,0.773012667112922,0.763,0.373,1.52848379084441e-117
"29","Wfdc17",2.40991846429747e-121,1.07045692598862,0.874,0.551,7.78042176198439e-117
"30","Cst7",4.84497009031769e-121,-1.47006776449525,0.176,0.496,1.56419859365907e-116
"31","Lgals1",1.47115151112795e-120,0.729387286778055,0.904,0.616,4.74961265367659e-116
"32","Lag3",3.32627670466305e-120,-1.0169142840963,0.044,0.346,1.07388843410046e-115
"33","Tgfbi",4.17658470261977e-119,0.733467933269127,0.964,0.696,1.34841037124079e-114
"34","Clec12a",1.31066102044567e-115,0.664625062652792,0.827,0.435,4.23146910450883e-111
"35","Grina",2.8486987512397e-114,0.759402101813695,0.921,0.71,9.19702391837736e-110
"36","Tnfsf13",7.06593051045681e-112,0.616232256566466,0.626,0.245,2.28123566530098e-107
"37","Thbs1",1.24588177484832e-111,0.735357619128295,0.509,0.155,4.0223293100978e-107
"38","Hexb",3.19044184932251e-111,-2.28950677002753,0.9,0.916,1.03003415105377e-106
"39","Ckb",2.43350099118366e-109,-1.14028982147921,0.167,0.47,7.85655795003645e-105
"40","Ms4a6c",6.23890791937922e-109,0.650736493682762,0.953,0.784,2.01423142177158e-104
"41","Cebpb",9.84962918035175e-109,0.645840608400219,0.986,0.909,3.17995278087656e-104
"42","Selplg",3.80220077192385e-108,-1.10721976491122,0.753,0.81,1.22754051921561e-103
"43","Ms4a6d",9.86229388023767e-108,0.646197171242732,0.929,0.689,3.18404157923473e-103
"44","Fos",1.01345650485546e-106,0.720642754190644,0.967,0.802,3.27194432592585e-102
"45","Vim",8.96908140686667e-106,0.686496763110696,0.963,0.731,2.89566793220691e-101
"46","Prdx6",1.16242324471607e-103,0.75530297419505,0.897,0.638,3.75288344556582e-99
"47","Sem1",1.34791605833029e-103,0.480556339832263,0.982,0.907,4.35174699431935e-99
"48","Slpi",1.69234583297416e-101,0.845054206679785,0.468,0.138,5.46373852175709e-97
"49","Cd72",5.51958414705356e-101,-1.08342020784864,0.135,0.425,1.78199774187624e-96
"50","Ccl12",1.49809563656709e-100,-2.05682475103519,0.206,0.498,4.83660176265684e-96
"51","Slco2b1",1.72238918566599e-100,-0.761699571302343,0.053,0.319,5.56073348592265e-96
"52","Cd34",5.82187560074959e-100,-0.74669753692919,0.049,0.314,1.87959253770201e-95
"53","Capg",3.09934381175641e-99,0.611561514142296,0.944,0.761,1.00062314962556e-94
"54","Sirpb1c",6.06881860199954e-99,0.552955863508793,0.868,0.481,1.95931808565555e-94
"55","Cadm1",2.06797649211599e-98,-0.724475703836203,0.048,0.309,6.67646210479648e-94
"56","C1qa",7.81083481315559e-98,-1.75370516534604,0.799,0.918,2.52172801942728e-93
"57","Emp3",4.59952099655724e-97,0.555572171474259,0.945,0.739,1.48495535373851e-92
"58","Klra2",1.22053444817841e-96,0.605695613371293,0.79,0.414,3.94049546594398e-92
"59","Smpdl3a",7.11876394077198e-96,0.639550979577386,0.812,0.472,2.29829293827823e-91
"60","Plxdc2",9.20008543032106e-95,-0.749334867670091,0.059,0.32,2.97024758117915e-90
"61","Olfml3",1.19434990567562e-93,-1.67822805625479,0.35,0.57,3.85595867047375e-89
"62","Ms4a7",4.95643201413961e-93,0.79598741599188,0.644,0.3,1.60018407576497e-88
"63","Sash1",1.06507386783611e-91,0.513449657147809,0.58,0.24,3.43859098230889e-87
"64","Aldoa",2.36012010859908e-91,0.511740002662039,0.981,0.931,7.61964777061213e-87
"65","Gm11808",3.34043986217159e-90,-0.588877090749022,0.836,0.88,1.0784610095021e-85
"66","Gpr34",4.34028290606018e-90,-0.799923256413053,0.051,0.298,1.40126033622153e-85
"67","Ly6i",5.45085814928489e-90,0.694318581515774,0.942,0.713,1.75980955349663e-85
"68","Dusp1",4.73645746923166e-89,0.6668031684798,0.945,0.772,1.52916529394144e-84
"69","Ly86",8.27569203644813e-89,-1.87982809947022,0.848,0.851,2.67180717396728e-84
"70","Msr1",2.30949604979495e-88,0.530761716823635,0.623,0.28,7.45620799676299e-84
"71","Mif",7.81081687702172e-88,0.534848095446446,0.965,0.876,2.52172222874646e-83
"72","Cfb",1.91393735176092e-87,0.652712432813805,0.919,0.661,6.17914674016012e-83
"73","Cd36",4.86610181706459e-87,-0.807822675485361,0.093,0.351,1.5710209716393e-82
"74","Pid1",8.53935606017539e-87,0.576739419331192,0.875,0.563,2.75693110402763e-82
"75","Adssl1",3.50693027877574e-86,0.523751409089037,0.708,0.359,1.13221244050275e-81
"76","Serinc3",3.51348790602522e-86,-0.980542638475562,0.88,0.876,1.13432957046024e-81
"77","Gm21188",3.94614635112914e-86,0.508762294745027,0.693,0.336,1.27401334946204e-81
"78","Ninj1",5.12241323730205e-86,0.637340208864233,0.871,0.616,1.65377111366297e-81
"79","Slc7a2",7.14425824444342e-86,0.565500745567201,0.558,0.235,2.30652377421856e-81
"80","Txn1",9.44065878532691e-85,0.520198607429266,0.975,0.874,3.04791668884279e-80
"81","Lst1",9.84274482362041e-85,0.601363977440946,0.949,0.774,3.17773016630585e-80
"82","Plaur",2.08850154460219e-84,0.594575091445271,0.789,0.473,6.74272723674818e-80
"83","Fabp5",9.59529940395644e-84,1.06838471987242,0.59,0.28,3.09784241256734e-79
"84","Serpine2",1.21041927875101e-83,-0.717608212279441,0.044,0.275,3.90783864144765e-79
"85","Tmem119",1.86473284628667e-83,-1.29538901476377,0.262,0.496,6.0202899942365e-79
"86","Slc1a3",4.07943299307948e-83,-0.702155974291458,0.038,0.263,1.31704494181571e-78
"87","Arpc1b",4.86364281877073e-83,0.36232402716207,0.987,0.952,1.57022708404013e-78
"88","Clec4e",1.17877387316371e-82,0.628024935600594,0.743,0.406,3.80567144950905e-78
"89","Nav3",1.00278612974283e-81,-0.686523078713936,0.037,0.257,3.23749501987473e-77
"90","Rgcc",1.30284446615798e-81,0.545466122540591,0.482,0.176,4.20623335899103e-77
"91","P2ry12",2.19272258744396e-81,-1.17009757617752,0.183,0.427,7.07920487356281e-77
"92","Ahnak",7.45705568445446e-81,0.429517674482937,0.617,0.279,2.40751042772612e-76
"93","Cyba",6.60270496703461e-80,0.34862284355909,0.991,0.976,2.13168329860712e-75
"94","Cd14",9.5362021000136e-80,0.570236712805361,0.924,0.719,3.07876284798939e-75
"95","Metrnl",4.39204578857219e-79,0.491997308273111,0.59,0.266,1.41797198284053e-74
"96","Fgd2",1.57072810230197e-78,-0.778036210502637,0.153,0.401,5.07109567828189e-74
"97","Pkm",3.83354043597752e-78,0.460377854540866,0.984,0.921,1.23765852975534e-73
"98","H2-Oa",8.9818510541521e-78,-0.960373734719639,0.234,0.471,2.899790612833e-73
"99","Card19",1.08652922517052e-77,0.529799576688258,0.795,0.505,3.50785960346303e-73
"100","Acp5",1.37994889979673e-77,0.600485810855184,0.576,0.267,4.45516502299374e-73
"101","Ctsz",3.71264555936087e-77,-0.628075129499227,0.987,0.977,1.19862761883966e-72
"102","Mef2c",1.11218001333173e-76,-1.05939273767242,0.301,0.522,3.59067317304149e-72
"103","S100a10",3.13775722294551e-76,0.466534165424455,0.838,0.518,1.01302491942796e-71
"104","Sod2",8.1528099867284e-76,0.576750019455678,0.918,0.683,2.63213470421526e-71
"105","Timp2",1.24570032233161e-75,-1.3487377512947,0.357,0.546,4.02174349064759e-71
"106","Gapdh",2.18590871598221e-74,0.399234593192374,0.986,0.966,7.05720628954857e-70
"107","Bnip3",3.30018491612267e-74,0.534051918664592,0.71,0.405,1.0654647001702e-69
"108","Ecm1",1.90959073165682e-73,0.43498917426975,0.507,0.201,6.16511367715403e-69
"109","Klf4",3.07571320434476e-73,0.547012393180735,0.727,0.425,9.92994008022707e-69
"110","Alox5ap",2.2337667310442e-72,0.495107037776681,0.947,0.834,7.2117158911762e-68
"111","S100a6",3.86441001945385e-71,0.557415600494255,0.884,0.59,1.24762477478068e-66
"112","Phyhd1",4.79948036696395e-71,-0.557617504681444,0.054,0.264,1.54951223647431e-66
"113","Phgdh",1.10569921440065e-70,-0.586279518130893,0.065,0.28,3.56974991369249e-66
"114","Pgk1",6.16379153123515e-70,0.493077755458107,0.921,0.747,1.98998009585927e-65
"115","Gpnmb",8.70603624512583e-70,0.760393624893572,0.445,0.169,2.81074380173887e-65
"116","Bst1",1.12959789863442e-69,0.43108255575278,0.65,0.336,3.64690681574123e-65
"117","Tnfaip2",1.13130854910569e-69,0.610463267450791,0.846,0.575,3.65242965078773e-65
"118","Pgam1",1.57388535498837e-69,0.50048789928431,0.932,0.789,5.08128886857994e-65
"119","C1qc",2.54134489942082e-69,-1.44315812919027,0.85,0.904,8.20473200778013e-65
"120","Rps28",6.43394030902584e-69,0.285339932152927,0.994,0.981,2.07719762876899e-64
"121","Cd44",9.34204524940062e-69,0.441520598954629,0.728,0.422,3.01607930876899e-64
"122","AW112010",1.13134799101891e-68,0.531334209161783,0.985,0.929,3.65255698900456e-64
"123","Rnaset2a",1.33257004759607e-68,-0.740810589185798,0.793,0.801,4.3022023986639e-64
"124","Pros1",3.60944377060822e-68,-0.673758771131922,0.11,0.331,1.16530892134086e-63
"125","Cd9",6.20460269874576e-68,-1.17289014249054,0.834,0.858,2.00315598129007e-63
"126","Itm2c",6.49097425520606e-68,-0.816287730068845,0.701,0.749,2.09561103829328e-63
"127","Cox6a2",3.89132064835261e-67,-0.759132797079897,0.067,0.275,1.25631287132064e-62
"128","AB124611",4.53766076087389e-67,0.47169720213125,0.888,0.653,1.46498377664814e-62
"129","H2-T23",8.21954138379323e-67,-0.569512472126387,0.929,0.921,2.65367893575764e-62
"130","Ldha",2.86112402537879e-66,0.466756641007949,0.963,0.895,9.23713891593544e-62
"131","Tanc2",3.28574274388996e-66,-0.52489023584122,0.048,0.243,1.06080204486487e-61
"132","Plin2",3.54862860533915e-66,0.456817879169951,0.743,0.438,1.14567474523374e-61
"133","Anxa5",5.7654946422095e-66,0.466451266673718,0.909,0.693,1.86138994523734e-61
"134","Laptm5",7.75435009673177e-66,-0.629246986830458,0.952,0.926,2.50349192872985e-61
"135","Anxa2",7.88354785411201e-66,0.416084200929151,0.808,0.504,2.54520342470006e-61
"136","Slc7a11",1.56303218292417e-65,0.773350608288184,0.671,0.406,5.04624940257067e-61
"137","St3gal6",2.70087752874998e-65,-0.514047512956077,0.044,0.237,8.71978310156931e-61
"138","Ctsf",3.54919639205207e-65,-0.418121708676318,0.026,0.205,1.14585805517401e-60
"139","Gsr",4.1291919558795e-65,0.531593006398032,0.699,0.4,1.3331096229557e-60
"140","Pilra",4.74735235666001e-65,0.473149390296726,0.762,0.49,1.53268270834769e-60
"141","Cx3cr1",7.35419111413812e-65,-1.29558408231647,0.613,0.696,2.37430060119949e-60
"142","Gpx4",1.13874180786303e-64,0.430450995221668,0.939,0.805,3.6764279266858e-60
"143","Emb",2.53099421095575e-64,0.409664360060632,0.796,0.465,8.17131481007063e-60
"144","Gal3st4",2.8733472897547e-64,-0.503609005409855,0.051,0.246,9.27660172497305e-60
"145","C1qb",2.99665233983208e-64,-1.08279459205513,0.904,0.937,9.67469207914788e-60
"146","Mcemp1",1.25719541959996e-63,0.483054182427795,0.75,0.464,4.05885541217849e-59
"147","C3",4.43186155732977e-63,0.413568744973803,0.698,0.398,1.43082650378392e-58
"148","Ccr1",7.05569176217153e-63,0.443727826460063,0.709,0.395,2.27793008541708e-58
"149","Cd63",1.52889727561895e-62,-1.38982846598102,0.518,0.639,4.93604485433579e-58
"150","Mcl1",2.60204931194589e-62,0.425074029102284,0.917,0.745,8.40071620361731e-58
"151","Clec4a1",4.79265638470004e-62,0.373547678912019,0.446,0.174,1.54730911380041e-57
"152","Igsf6",1.03322308045581e-61,0.417233457415398,0.809,0.519,3.33576071525157e-57
"153","Rnf149",1.48470842844801e-61,0.438573799365207,0.78,0.513,4.79338116124439e-57
"154","Gpx1",2.03952448733519e-61,0.420347817376058,0.971,0.875,6.58460480736167e-57
"155","Ighm",6.3770846092256e-61,-0.636969725617056,0.13,0.351,2.05884176608849e-56
"156","Pdia3",1.37931764388893e-60,-0.66982479337527,0.896,0.888,4.45312701329541e-56
"157","Clec4a2",1.67011209155602e-60,0.416361283632402,0.441,0.179,5.39195688758861e-56
"158","Xdh",6.16758441907803e-60,0.359456546995247,0.513,0.238,1.99120462969934e-55
"159","Fam20c",8.29930732173369e-60,0.381757563403214,0.503,0.228,2.67943136882172e-55
"160","F11r",8.91980723286584e-60,-0.733622940170205,0.664,0.727,2.87975976513074e-55
"161","Apobec3",1.41143076740288e-59,-0.681744170945936,0.616,0.711,4.55680423256021e-55
"162","Eno1",2.01866465627369e-59,0.420761866079368,0.963,0.882,6.51725884277961e-55
"163","Gda",2.5102052609325e-59,0.415666672944302,0.594,0.306,8.10419768492056e-55
"164","Bin1",2.54348244654701e-59,-0.835909954054289,0.482,0.598,8.21163307867702e-55
"165","Calm1",4.48827235540978e-59,0.254521511101656,0.976,0.927,1.44903872994405e-54
"166","Cd180",4.55220595520835e-59,-0.946353516887182,0.308,0.484,1.46967969263902e-54
"167","Dpep2",1.53565956418809e-58,0.355312550956333,0.419,0.163,4.95787690298126e-54
"168","Ifitm2",3.11758963768447e-58,0.359065866690626,0.929,0.675,1.00651381452643e-53
"169","S100a1",3.26612309246925e-58,0.375653201465961,0.572,0.292,1.0544678404037e-53
"170","Cybb",3.48101381743014e-58,0.449605347130596,0.944,0.794,1.12384531095732e-53
"171","Rasgrp3",5.59315945490347e-58,-0.380217590376686,0.035,0.204,1.80575153001559e-53
"172","Tgm2",5.94878165902872e-58,0.499792524278864,0.777,0.531,1.92056415861742e-53
"173","Rnaset2b",9.08614989837033e-58,-0.733716131195079,0.594,0.663,2.93346349468886e-53
"174","Atp5l",2.04324693847674e-57,0.341055962483424,0.98,0.928,6.59662274087217e-53
"175","Gpi1",3.76989182654692e-57,0.405764612107312,0.937,0.797,1.21710957620067e-52
"176","Myof",3.93628224524139e-57,0.307819569797326,0.526,0.246,1.27082872287618e-52
"177","Tpi1",4.17409704110976e-57,0.440129924450709,0.945,0.801,1.34760722972229e-52
"178","S100a11",6.47136128213067e-57,0.384702480807272,0.944,0.675,2.08927898993589e-52
"179","H2-K1",1.85279034002459e-56,-0.342184794822597,0.995,0.993,5.9817336127694e-52
"180","Vegfa",2.65251501633963e-56,0.378874025725533,0.658,0.372,8.5636447302525e-52
"181","Ccrl2",3.16111569010332e-56,0.544872281399227,0.824,0.584,1.02056620054986e-51
"182","Cd38",5.30452570199063e-56,0.369710992625847,0.68,0.389,1.71256612288767e-51
"183","Lgmn",6.89692382211766e-56,-1.51397657244255,0.904,0.868,2.22667185597069e-51
"184","Siglecf",1.15960214388766e-55,-0.453713556476233,0.036,0.2,3.74377552154132e-51
"185","Aldh3b1",1.28735491532908e-55,0.347940075528147,0.541,0.267,4.15622534413993e-51
"186","Emilin2",1.42880453936177e-55,0.345057154476312,0.509,0.234,4.61289545532949e-51
"187","Upp1",3.1654917256022e-55,0.549209931087647,0.495,0.226,1.02197900361067e-50
"188","Gng10",7.77869606376518e-55,-0.700841577970008,0.748,0.767,2.51135202418659e-50
"189","Fpr2",2.65143692203733e-54,0.417077059860729,0.509,0.247,8.56016410279752e-50
"190","Eif4ebp1",5.34515309381965e-53,0.406410327113355,0.795,0.566,1.72568267633968e-48
"191","Hmox1",1.39508161870182e-52,0.405175305775465,0.648,0.379,4.50402100597881e-48
"192","Capn3",2.00313109792214e-52,-0.362725508314823,0.03,0.184,6.46710874964162e-48
"193","Fcor",2.48407472979367e-52,0.30750240501808,0.366,0.137,8.01983526513887e-48
"194","Dbi",2.94778373883929e-52,0.374800650797369,0.859,0.619,9.51691980084265e-48
"195","Cd24a",5.11677463666882e-52,0.411351463001603,0.393,0.158,1.65195069144853e-47
"196","Olr1",9.83243838646939e-52,0.259093261618746,0.302,0.095,3.17440273307164e-47
"197","AA467197",1.90355615126133e-51,0.459260688047729,0.915,0.71,6.14563103434721e-47
"198","Arhgap5",2.00764124505e-51,-0.686313989108827,0.208,0.397,6.48166975964393e-47
"199","Grn",3.62556925583782e-51,-0.997858423730348,0.963,0.928,1.17051503424724e-46
"200","Gsn",3.64171344138677e-51,0.339385421938344,0.7,0.402,1.17572718455172e-46
"201","Iqgap1",4.14784035032816e-51,0.348617695950713,0.808,0.544,1.33913025710345e-46
"202","Tpt1",6.30150688675834e-51,0.250036154325933,0.989,0.978,2.03444149838993e-46
"203","H3f3a",7.96106238538232e-51,0.350463432969462,0.98,0.921,2.57022899112068e-46
"204","Clec4a3",9.30815578458108e-51,0.366660313334379,0.481,0.224,3.005138095052e-46
"205","Npnt",9.70486374723079e-51,-0.347541999506718,0.027,0.174,3.13321526079346e-46
"206","Golm1",1.53277620207596e-50,-0.571138345731102,0.13,0.313,4.94856796840225e-46
"207","Chchd10",3.963811349437e-50,0.359621505311401,0.503,0.25,1.27971649416574e-45
"208","Selenom",4.71614541683066e-50,0.346618474622574,0.489,0.24,1.52260754782378e-45
"209","Il1b",5.98262967556744e-50,0.494252559108315,0.927,0.755,1.93149199075695e-45
"210","Ccl6",6.63445544576986e-50,0.558466684338288,0.728,0.499,2.1419339406668e-45
"211","Pld4",9.92207486962538e-50,-0.642639292167338,0.849,0.83,3.20334187165855e-45
"212","Mir99ahg",1.18003226399644e-49,-0.367247756447445,0.02,0.158,3.80973416431251e-45
"213","Fcer1g",1.43523667641225e-49,0.256002613978084,0.996,0.975,4.63366160979694e-45
"214","Hpgds",1.84289536936006e-49,-0.727734328495736,0.212,0.391,5.94978769997896e-45
"215","Sgk1",4.23747318679282e-49,0.428273727007291,0.832,0.617,1.36806821835606e-44
"216","B2m",5.30859896881911e-49,-0.316794928117266,0.998,0.997,1.71388117708325e-44
"217","Ppfia4",6.065077332209e-49,-0.752692152350399,0.378,0.524,1.95811021670367e-44
"218","Cib1",8.13010590093146e-49,0.32103057085921,0.567,0.301,2.62480469011572e-44
"219","Ms4a8a",1.26643411919949e-48,0.28482581039646,0.249,0.068,4.08868255383554e-44
"220","Pcnx",4.72472318823792e-48,0.271836079717524,0.372,0.149,1.52537688132261e-43
"221","Ddx5",9.6351546725725e-48,-0.461911593853159,0.952,0.946,3.11070968604003e-43
"222","Cdkn1a",5.03185186484966e-47,0.404355732867879,0.838,0.601,1.62453337456671e-42
"223","Blvrb",1.34387775469274e-46,0.337933227232531,0.779,0.528,4.33870933102552e-42
"224","Bhlhe41",1.81106643081403e-46,-0.719374160727472,0.118,0.29,5.84702797188309e-42
"225","Ctsd",2.01783863492319e-46,-1.31820048378927,0.972,0.966,6.51459203284953e-42
"226","Prdm1",2.04165568400324e-46,0.2794758219527,0.382,0.159,6.59148537580447e-42
"227","Fxyd5",3.84033732131257e-46,0.287996246290196,0.981,0.906,1.23985290418576e-41
"228","Aoah",5.59683050797971e-46,0.269067734665296,0.498,0.243,1.80693672950125e-41
"229","Ift172",1.16831430087066e-45,0.277194651330343,0.387,0.167,3.77190272036092e-41
"230","H2-D1",1.48261095605397e-45,-0.263273541964593,0.997,0.992,4.78660947162023e-41
"231","Cox8a",1.79931776771337e-45,0.289115746479925,0.987,0.94,5.8090974130626e-41
"232","Cxxc5",2.23803234066362e-45,-0.274477135705668,0.025,0.157,7.2254874118325e-41
"233","Tmem51",2.27997177847726e-45,0.256517702124227,0.382,0.16,7.36088888681385e-41
"234","Klk8",2.76926870343663e-45,-0.295069449086152,0.026,0.16,8.94058400904517e-41
"235","Fcrls",3.00819447960644e-45,-0.72225381919567,0.091,0.261,9.7119558774094e-41
"236","Dmxl2",4.38512368303849e-45,0.25373086857913,0.338,0.133,1.41573718106898e-40
"237","Fam162a",4.79570803574521e-45,0.388673568353635,0.636,0.401,1.54829433934034e-40
"238","Sall1",5.64303238866024e-45,-0.313029880284319,0.028,0.163,1.82185300667896e-40
"239","Ncf4",5.75514985949631e-45,0.369534618613465,0.782,0.517,1.85805013213838e-40
"240","Ass1",8.28789419056703e-45,0.342456990514953,0.908,0.692,2.67574663942457e-40
"241","Arg2",8.77423397898842e-45,0.260662629774548,0.388,0.163,2.83276144011641e-40
"242","Mcub",1.23964024323853e-44,0.304256331378997,0.531,0.278,4.00217852529559e-40
"243","Gm10076",1.98492564684965e-44,0.334897063902971,0.959,0.865,6.40833245085409e-40
"244","Tmsb10",2.01458511315775e-44,0.264592065982419,0.988,0.97,6.50408803782981e-40
"245","Pirb",2.37524322747927e-44,0.304469002172207,0.805,0.54,7.66847275991684e-40
"246","Ccr2",2.41528346408004e-44,0.529778674201585,0.65,0.389,7.79774266378241e-40
"247","Adora3",2.42504755456637e-44,-0.381569003706115,0.043,0.187,7.82926602991751e-40
"248","Cox7c",3.66096370635069e-44,0.263243292139782,0.975,0.931,1.18194213259532e-39
"249","Anxa1",5.90716478312241e-44,0.320674951607403,0.433,0.197,1.90712815023107e-39
"250","Rhoh",7.8549424078725e-44,-0.70369375548307,0.27,0.436,2.53596815638164e-39
"251","Cd83",8.81935530524717e-44,-0.837502800937533,0.446,0.582,2.84732886029905e-39
"252","Inhba",1.13406678648916e-43,0.433378119669895,0.33,0.131,3.66133462018025e-39
"253","Ifi27",1.65572513614957e-43,0.315230556446365,0.571,0.316,5.34550860205889e-39
"254","Osm",2.00663158498728e-43,0.436328502772861,0.579,0.336,6.47841007213144e-39
"255","Cfh",3.02196862953481e-43,-0.481533261344583,0.111,0.279,9.75642572045315e-39
"256","Cyp4f18",4.82168490258922e-43,0.398550539831717,0.823,0.596,1.55668097080093e-38
"257","Marcks",7.20945328771207e-43,-0.850422209805255,0.726,0.716,2.32757199393784e-38
"258","Trem1",8.91848556086164e-43,0.258107395932147,0.467,0.226,2.87933306332418e-38
"259","Cd302",1.17881083987894e-42,0.37741511224773,0.792,0.565,3.80579079654915e-38
"260","Fcgr2b",1.18517955664627e-42,0.372946004059982,0.917,0.776,3.82635219863249e-38
"261","Gch1",1.71710381756303e-42,0.292807198818674,0.534,0.287,5.54366967500225e-38
"262","Hacd4",1.77097617229368e-42,0.275077611099412,0.509,0.268,5.71759657225013e-38
"263","Ucp2",2.30516243323783e-42,0.309998993287187,0.964,0.897,7.44221691570832e-38
"264","Lamtor4",2.30682573798465e-42,0.361429702767118,0.814,0.598,7.44758689508343e-38
"265","G530011O06Rik",3.17538105757162e-42,-0.530409552757395,0.083,0.241,1.025171774437e-37
"266","Lrrc3",7.78297387207053e-42,-0.28996618692248,0.033,0.165,2.51273311459797e-37
"267","Gas6",7.94533098839745e-42,-0.313386459916078,0.024,0.149,2.56515010960412e-37
"268","Sdc4",8.00682125466775e-42,0.290855287041041,0.62,0.366,2.58500224206948e-37
"269","Ccl2",1.07367512471733e-41,-1.10923953928843,0.318,0.483,3.46636014014989e-37
"270","mt-Cytb",1.19638198466125e-41,-0.494498742485757,0.986,0.982,3.86251923747883e-37
"271","Ldhb",1.46268892071847e-41,-0.884916710241297,0.333,0.462,4.72229118053959e-37
"272","Ets2",1.55618320173035e-41,0.266654771037484,0.429,0.204,5.02413746678643e-37
"273","Sdcbp",2.15775974920276e-41,0.343928981034732,0.966,0.891,6.96632735030112e-37
"274","Dram1",3.42964740699111e-41,0.272440062273976,0.462,0.229,1.10726166534708e-36
"275","Hopx",3.69385992687787e-41,0.28224496790531,0.561,0.298,1.19256267739252e-36
"276","Fosb",4.78683991805374e-41,0.284975700923405,0.692,0.442,1.54543126754365e-36
"277","Nfil3",6.77542628640631e-41,0.281503266070591,0.564,0.314,2.18744637656628e-36
"278","Tspan7",9.2892148458196e-41,-0.30181648996093,0.033,0.163,2.99902301297286e-36
"279","Rab20",9.40251940681308e-41,0.364740180014455,0.674,0.429,3.0356033904896e-36
"280","C5ar1",1.92377667598272e-40,0.367571966972778,0.77,0.515,6.21091299841021e-36
"281","Rbms1",2.52619761757492e-40,0.328406241609141,0.763,0.528,8.15582900834062e-36
"282","Siva1",3.07313561778501e-40,0.306013765847315,0.619,0.366,9.92161834201891e-36
"283","Ndufb1-ps",3.45257932990675e-40,0.274573444328009,0.978,0.925,1.11466523666039e-35
"284","Bri3",4.44147427687958e-40,0.322397113130352,0.94,0.813,1.43392997029057e-35
"285","Fbxl5",4.6321159299396e-40,0.330360667345537,0.549,0.308,1.495478627981e-35
"286","Gadd45a",1.02093921919514e-39,0.292033360446989,0.374,0.167,3.29610226917152e-35
"287","Ppib",1.13604642060415e-39,-0.427066486645761,0.913,0.901,3.66772586892051e-35
"288","Crybb1",1.36816378629154e-39,-0.489154534791359,0.036,0.164,4.41711678404224e-35
"289","Fgl2",2.62244511189648e-39,-0.561700590747425,0.726,0.769,8.46656404375777e-35
"290","Lgals3bp",2.63288921153586e-39,-0.725416360106401,0.801,0.785,8.50028281944354e-35
"291","Tnfrsf1b",2.76989540776662e-39,0.306271647681114,0.703,0.461,8.94260732397452e-35
"292","Arsb",2.8038641617579e-39,-0.35171135700243,0.058,0.198,9.05227544623538e-35
"293","Slfn1",3.2130288235242e-39,0.333647396780733,0.478,0.249,1.03732635567479e-34
"294","Rgs10",3.25904846475221e-39,-0.600043500025638,0.815,0.802,1.05218379684525e-34
"295","Smim4",4.34172330448216e-39,0.315594403919686,0.527,0.297,1.40172536885206e-34
"296","Phlda1",5.5239943575193e-39,0.334360143637481,0.449,0.228,1.78342157832511e-34
"297","Sephs2",6.399553255512e-39,0.268734118506645,0.501,0.266,2.06609576854205e-34
"298","Csf1r",9.03320675978221e-39,-0.581085632505566,0.945,0.876,2.91637080239569e-34
"299","Herpud1",1.43747284606222e-38,-0.566882597427589,0.156,0.314,4.64088108351187e-34
"300","Klrb1b",2.3259148783872e-38,-0.475970333891222,0.081,0.226,7.50921618487308e-34
"301","Cryba4",3.06992591474781e-38,-0.4038876419466,0.079,0.225,9.91125581576329e-34
"302","Tmem205",1.51193747474415e-37,0.252024809837295,0.433,0.217,4.88129013721148e-33
"303","Tomm6",2.21435468117591e-37,0.28178800369332,0.956,0.859,7.14904408817641e-33
"304","Pmp22",2.66852125173361e-37,-0.378209198298428,0.058,0.194,8.61532086122197e-33
"305","Ddost",2.88638492567467e-37,-0.592398153486742,0.624,0.647,9.31869373254066e-33
"306","D8Ertd738e",4.15152178079198e-37,0.283242356327914,0.898,0.72,1.34031880692869e-32
"307","Gnas",4.22334078933398e-37,-0.546199852081521,0.878,0.845,1.36350557383648e-32
"308","Prelid1",6.05903526833432e-37,0.303520070590436,0.929,0.787,1.95615953638174e-32
"309","Cox7a2",6.16289988647963e-37,0.269858848453172,0.956,0.864,1.98969222834995e-32
"310","Mmp8",1.37781628165394e-36,0.267034958655436,0.213,0.065,4.44827986531975e-32
"311","Dab2",1.59509194626216e-36,0.298248289197244,0.597,0.364,5.14975434850737e-32
"312","Prune2",1.7617750757515e-36,-0.313483987068418,0.043,0.169,5.6878908320637e-32
"313","Scoc",1.82942617367593e-36,-0.560403627993343,0.175,0.328,5.90630240171273e-32
"314","mt-Co3",2.96794513284564e-36,-0.404215369591489,0.997,0.996,9.58201086139214e-32
"315","Gpr141",3.13151918796625e-36,0.252432125072366,0.595,0.343,1.0110109698349e-31
"316","Abhd12",3.93793727703597e-36,-0.711083732263774,0.524,0.582,1.27136304989106e-31
"317","Esd",8.01527920361998e-36,0.341071690965932,0.867,0.696,2.58773289088871e-31
"318","Cxcl13",1.06200075418339e-35,-0.811982032997948,0.015,0.118,3.42866943488106e-31
"319","Cited2",2.58561221100538e-35,0.414229029368079,0.738,0.534,8.34764902323086e-31
"320","Hilpda",2.68299434251979e-35,0.304598356773389,0.287,0.117,8.66204723482514e-31
"321","Ctsl",2.96306173980109e-35,-1.0872540843316,0.795,0.746,9.56624482694782e-31
"322","Egln3",3.7064161576915e-35,0.256933954150683,0.355,0.164,1.1966164565107e-30
"323","Hspa5",4.41882812079338e-35,-0.597153513060509,0.819,0.796,1.42661865879814e-30
"324","Zfp36",4.89668267369399e-35,0.291595136184029,0.922,0.781,1.58089400120211e-30
"325","mt-Nd4",5.58320062507808e-35,-0.458913584088803,0.975,0.958,1.80253632180646e-30
"326","Mlxipl",6.8055703888643e-35,-0.274800951844198,0.017,0.119,2.19717840004484e-30
"327","Ccl4",1.17579802477487e-34,-1.43011153694832,0.252,0.416,3.79606392298567e-30
"328","Lpcat2",1.24625512102756e-34,-0.611803350683945,0.84,0.784,4.02353465823747e-30
"329","Glrx",1.2988093323644e-34,0.366062600460723,0.761,0.544,4.19320592953845e-30
"330","Ccnd1",1.80888189601619e-34,-0.495413640888725,0.142,0.291,5.83997520128828e-30
"331","Anxa4",3.04017050984285e-34,0.26124959538201,0.64,0.405,9.81519049102764e-30
"332","Klf6",3.13405118657561e-34,0.289332516809283,0.88,0.708,1.01182842558594e-29
"333","A930007I19Rik",4.1779260827582e-34,0.27357374300131,0.485,0.27,1.34884343581848e-29
"334","Slc16a3",4.6692836686466e-34,0.318738381416302,0.744,0.515,1.50747823242256e-29
"335","Atp6v1e1",5.41220600744463e-34,0.309828541438874,0.805,0.575,1.7473307095035e-29
"336","Higd1a",7.34844483829245e-34,0.3204991221228,0.821,0.635,2.37244541604272e-29
"337","Lamtor2",1.08442727841441e-33,0.288982203235089,0.799,0.608,3.50107346836093e-29
"338","Ube2a",1.35457042668156e-33,0.284813908269322,0.703,0.476,4.37323062254143e-29
"339","Junb",1.58843004589239e-33,0.26428376317881,0.976,0.899,5.12824640316358e-29
"340","mt-Nd2",1.75877064822731e-33,-0.487362385448891,0.901,0.878,5.67819103780186e-29
"341","Sap30",2.65152799356313e-33,0.267413447723402,0.572,0.337,8.56045812721855e-29
"342","Ltc4s",3.02708509113444e-33,-0.390061062385555,0.063,0.189,9.77294421672755e-29
"343","Itgax",3.15060522183822e-33,-0.493365903017088,0.192,0.334,1.01717289587047e-28
"344","Adgre5",3.99778925244114e-33,0.254087092702587,0.445,0.239,1.29068626015062e-28
"345","P2ry13",4.72188521343223e-33,-0.462053677498649,0.133,0.277,1.52446064115659e-28
"346","Xist",4.75878311009683e-33,-0.617883315909344,0.949,0.934,1.53637312709476e-28
"347","Atp6v1a",7.06294124475091e-33,0.251358888579119,0.533,0.318,2.28027058086783e-28
"348","Cdk2ap2",7.18645249168865e-33,0.295983804500003,0.838,0.637,2.32014618694168e-28
"349","Ndufv3",7.95167975646072e-33,0.286663434875909,0.872,0.72,2.56719980937334e-28
"350","Pdcd1",8.7758393123815e-33,-0.252925993589846,0.016,0.112,2.83327972200237e-28
"351","Tmem37",1.14263084332941e-32,0.293562683660012,0.436,0.236,3.68898367768899e-28
"352","Acod1",1.41079618666344e-32,0.412152431965803,0.671,0.458,4.55475548864293e-28
"353","Irf8",1.44491415993444e-32,-0.54823290327638,0.86,0.851,4.66490536534832e-28
"354","AI506816",3.38707242502012e-32,-0.347638629941728,0.075,0.204,1.09351633241775e-27
"355","Camk2n1",6.83474035265735e-32,-0.305307330618728,0.036,0.145,2.20659592285542e-27
"356","Gngt2",7.19317014151378e-32,0.344569819136286,0.869,0.736,2.32231498018772e-27
"357","Ap3s1",8.75086126822569e-32,0.261178627669185,0.678,0.448,2.82521556044667e-27
"358","Frmd4a",9.5872888641375e-32,-0.567028674468306,0.183,0.321,3.09525620978679e-27
"359","Abca1",1.38416177661439e-31,0.252605718862085,0.591,0.369,4.46876629579956e-27
"360","Xlr",1.53310740028174e-31,-0.362876534040328,0.081,0.213,4.9496372418096e-27
"361","Abracl",1.64663280661685e-31,0.261678295112249,0.904,0.737,5.31615401616251e-27
"362","Ccl5",1.70102479950001e-31,0.259469976676682,0.94,0.851,5.4917585651858e-27
"363","H2-Q4",2.39701735751308e-31,-0.441765115675142,0.785,0.793,7.73877053873097e-27
"364","Ypel3",2.54918755678194e-31,0.3190192201951,0.811,0.639,8.2300520270705e-27
"365","H2afj",2.63813461071322e-31,0.281125566563008,0.854,0.673,8.51721759068762e-27
"366","Fam167b",3.03698475447532e-31,-0.256913427108583,0.024,0.124,9.80490527982356e-27
"367","Rasal3",5.49305481244447e-31,-0.345152150859945,0.102,0.235,1.7734327461977e-26
"368","Ophn1",5.95823092521486e-31,-0.487083976190085,0.129,0.264,1.92361485420562e-26
"369","Ptgs2",1.30451500194225e-30,0.281684463716468,0.462,0.262,4.21162668377055e-26
"370","Scn1b",1.40927178603038e-30,-0.32443284257666,0.058,0.175,4.54983396119908e-26
"371","Cxcl1",1.58482185717655e-30,0.42369923415449,0.155,0.041,5.11659736589449e-26
"372","Znhit1",1.810498522812e-30,0.279378598297603,0.738,0.522,5.84519448089853e-26
"373","Ifitm3",2.84716545047696e-30,0.29493213655757,0.985,0.935,9.19207365686486e-26
"374","Cers6",3.05285550085406e-30,0.255225404415144,0.49,0.282,9.85614398450734e-26
"375","Fus",1.03093873894814e-29,-0.52382383933167,0.726,0.724,3.32838571869407e-25
"376","Bin2",1.18760983144872e-29,-0.604473078642465,0.618,0.64,3.8341983408322e-25
"377","Mrpl54",1.35060070295105e-29,0.263226099579333,0.777,0.557,4.36041436947746e-25
"378","Il1rn",1.48064012609745e-29,0.296882016286363,0.727,0.513,4.78024664710562e-25
"379","Sat1",1.93071559378775e-29,-0.543126829332507,0.904,0.863,6.23331529454374e-25
"380","Hmgn1",2.48317915368461e-29,-0.498234565166876,0.24,0.373,8.01694389767075e-25
"381","Ptgs1",2.95006656496559e-29,-0.671809034269693,0.302,0.413,9.5242899049914e-25
"382","mt-Atp6",3.16124938241349e-29,-0.398633106516523,0.997,0.998,1.0206093631122e-24
"383","Ero1l",5.55302845789943e-29,0.250259914265091,0.529,0.316,1.79279523763283e-24
"384","Rpl12",5.754825801145e-29,-0.314628771510457,0.959,0.941,1.85794550989966e-24
"385","Blnk",8.48396579602851e-29,-0.37765761990943,0.118,0.247,2.7390483572478e-24
"386","Klf13",1.39378728432658e-28,0.259203414217394,0.821,0.621,4.49984224744838e-24
"387","Plac8",2.36356031505407e-28,0.577066556774151,0.855,0.691,7.63075447715205e-24
"388","Ms4a6b",2.40802611593177e-28,0.339828962379499,0.74,0.53,7.77431231528573e-24
"389","Bnip3l",3.22280956082116e-28,0.263736639714252,0.769,0.562,1.04048406671111e-23
"390","Cd37",7.93090317719592e-28,-0.680879119495121,0.607,0.615,2.5604920907577e-23
"391","Ywhah",8.87360754532268e-28,-0.40513271927762,0.848,0.817,2.86484419600743e-23
"392","Tmem176b",9.91018111639334e-28,-0.597290933530256,0.244,0.381,3.19950197342759e-23
"393","Dynll1",1.65052269030324e-27,0.270226597368549,0.926,0.811,5.32871250564402e-23
"394","Limd2",1.94317237538915e-27,-0.480489898704959,0.665,0.699,6.27353201394386e-23
"395","App",3.35822407071372e-27,0.267726609332828,0.866,0.689,1.08420264122993e-22
"396","Adipor1",3.44440692376717e-27,0.253803693543194,0.777,0.579,1.11202677533823e-22
"397","Gng12",4.70108459614352e-27,0.281679135208242,0.654,0.457,1.51774516186494e-22
"398","Ndfip1",5.14949021824067e-27,-0.533656941686678,0.687,0.695,1.662512916959e-22
"399","Svbp",7.88735733758699e-27,0.267693977161082,0.758,0.552,2.54643331643996e-22
"400","Chmp2a",1.04596487170473e-26,0.259509374774864,0.877,0.702,3.37689758829871e-22
"401","Rhob",1.07146629970459e-26,-0.620737726740689,0.303,0.415,3.45922894859626e-22
"402","Nfkbia",1.18432699951357e-26,0.269203097823485,0.932,0.829,3.82359971792955e-22
"403","Ndufa4",2.95019849292917e-26,-0.469130110027131,0.568,0.6,9.52471583442183e-22
"404","Fcgrt",3.62641509658093e-26,-0.39861172975982,0.15,0.274,1.17078811393115e-21
"405","Tmem176a",6.09142865405443e-26,-0.518002366359375,0.16,0.29,1.96661774096147e-21
"406","Rpl22l1",6.63276968500598e-26,-0.39550163802472,0.904,0.886,2.14138969280418e-21
"407","Wnk1",6.73291391980355e-26,-0.601151780608083,0.495,0.538,2.17372125900858e-21
"408","Rpn2",1.07512919332323e-25,-0.502830940084324,0.633,0.627,3.47105460064404e-21
"409","Unc93b1",1.30426958605645e-25,-0.363278821686852,0.947,0.899,4.21083435858325e-21
"410","Pdgfb",1.59955497180652e-25,-0.256855827571508,0.06,0.165,5.16416322647736e-21
"411","Cnih4",2.61994583562773e-25,0.261325369163924,0.777,0.578,8.45849513032411e-21
"412","Ssr4",5.91776612347676e-25,-0.371634855560874,0.916,0.877,1.91055079296447e-20
"413","Spint1",6.66563958633088e-25,-0.444193999013517,0.523,0.599,2.15200174044692e-20
"414","Itgb5",7.35937180326309e-25,-0.781746612749127,0.687,0.641,2.37597318668349e-20
"415","Stmn1",9.63799617470745e-25,-0.622942737487791,0.135,0.252,3.1116270650043e-20
"416","Lpl",9.77072352461005e-25,-0.326839355418215,0.076,0.187,3.15447808992035e-20
"417","Nrp1",2.65054355434878e-24,-0.408327361069493,0.161,0.278,8.55727986521503e-20
"418","Dleu2",3.26664911308565e-24,0.257753488001888,0.766,0.592,1.0546376661597e-19
"419","Rsrp1",3.98545878948674e-24,-0.497467819533326,0.871,0.829,1.28670537018579e-19
"420","Bola2",5.27999960352369e-24,0.253173369674435,0.804,0.638,1.70464787199762e-19
"421","Tgfbr2",6.1028605518129e-24,-0.436135259000812,0.245,0.355,1.97030852915279e-19
"422","Ch25h",9.0178451597976e-24,-0.317965244540999,0.037,0.128,2.91141130984066e-19
"423","Hcar2",9.18239000067367e-24,-0.423360099904468,0.282,0.394,2.96453461171749e-19
"424","Qpct",1.40982884847835e-23,-0.339614532935718,0.081,0.189,4.55163243731234e-19
"425","Srsf2",1.57979227186091e-23,-0.373244035799661,0.762,0.759,5.10035934970294e-19
"426","Cd86",2.16491516444339e-23,-0.414817267828455,0.646,0.674,6.9894286084055e-19
"427","Dst",2.46489559204948e-23,-0.413463212388467,0.165,0.276,7.95791541893175e-19
"428","Lap3",3.63782755576384e-23,-0.510336347151869,0.401,0.474,1.17447262637835e-18
"429","Gm47283",3.74683110610219e-23,-0.564408055859078,0.451,0.505,1.20966442260509e-18
"430","Rogdi",1.21396200369719e-22,-0.438251215507654,0.188,0.304,3.91927632893636e-18
"431","Itm2b",2.12204568730704e-22,-0.560742087827613,0.992,0.983,6.85102450147079e-18
"432","Man2b1",2.22253482216422e-22,-0.495232933681705,0.694,0.689,7.17545367335718e-18
"433","Mt1",2.68654547847207e-22,0.260167564632642,0.87,0.721,8.67351207724709e-18
"434","Lair1",8.74132020477308e-22,-0.572470026237949,0.804,0.731,2.82213522811099e-17
"435","Pmepa1",1.30995589483768e-21,-0.432444548289707,0.354,0.449,4.22919260648344e-17
"436","Pou2f2",1.33274102977579e-21,-0.594658615691127,0.362,0.443,4.30275441463113e-17
"437","Klf2",1.36260846816805e-21,0.269425060703601,0.607,0.419,4.39918143948056e-17
"438","Mzt2",2.28434406234371e-21,-0.299107872970672,0.1,0.204,7.37500480527666e-17
"439","Tmsb4x",2.823438800424e-21,-0.264811930258567,1,0.998,9.11547216716889e-17
"440","Asph",4.60211184441987e-21,-0.522834586987286,0.23,0.33,1.48579180897095e-16
"441","Cd244a",5.45836391100974e-21,-0.29766605862042,0.078,0.176,1.76223278866949e-16
"442","Luc7l2",7.1235196715387e-21,-0.410404336070237,0.681,0.686,2.29982832595627e-16
"443","Bmyc",7.91912039413285e-21,-0.456972032554135,0.279,0.377,2.55668801924579e-16
"444","Ccl9",8.063058260372e-21,0.309224535939231,0.608,0.436,2.6031583593611e-16
"445","Epb41l2",8.43534221614544e-21,-0.463502869097167,0.604,0.611,2.72335023448255e-16
"446","Kctd12",8.61344064764887e-21,-0.527056956383442,0.406,0.469,2.78084931309344e-16
"447","Camk1",9.44310807649824e-21,-0.559938151797682,0.445,0.487,3.04870744249746e-16
"448","Chst1",1.48860920977432e-20,-0.374914768169902,0.147,0.255,4.80597483375638e-16
"449","Sft2d1",1.65708942282345e-20,-0.481267993685183,0.602,0.601,5.3499132015855e-16
"450","Ptp4a3",1.99887743328756e-20,-0.291026962430714,0.145,0.255,6.45337579336889e-16
"451","H2-Q7",2.00037943493012e-20,-0.279878517042125,0.912,0.908,6.45822500567188e-16
"452","Smad7",2.00294538385006e-20,-0.439870770343584,0.243,0.344,6.46650917175991e-16
"453","Pon3",2.19755785504422e-20,-0.398961957914948,0.176,0.281,7.09481553501025e-16
"454","Tmcc3",2.91026401567608e-20,-0.5131349416923,0.277,0.369,9.39578737461023e-16
"455","Gusb",7.64772439588953e-20,-0.549615944329795,0.67,0.634,2.46906782121294e-15
"456","Iigp1",8.49437772937418e-20,-0.652257768294773,0.536,0.608,2.74240984992845e-15
"457","Gm43305",8.53271533156206e-20,-0.433752243272018,0.15,0.256,2.75478714479481e-15
"458","Arhgap45",8.61999789512293e-20,-0.526298011949679,0.469,0.518,2.78296632044044e-15
"459","Lyn",9.14600525319438e-20,-0.434114446748527,0.659,0.664,2.95278779599381e-15
"460","mt-Nd1",9.91954404966253e-20,-0.351892405739294,0.985,0.982,3.20252479643355e-15
"461","Lmo2",1.28203306749383e-19,-0.476928094559667,0.418,0.482,4.13904375840383e-15
"462","Tspan13",2.01606669219533e-19,-0.450250778379508,0.258,0.358,6.50887131575262e-15
"463","Havcr2",2.05795264349659e-19,-0.392384585059039,0.208,0.314,6.64410010952875e-15
"464","Kcnk6",2.68221689083066e-19,-0.257775361171236,0.072,0.162,8.65953723204678e-15
"465","Tap1",3.26142678375531e-19,-0.290878129824633,0.798,0.795,1.0529516371354e-14
"466","Pdia6",4.36359710051392e-19,-0.443013030478283,0.779,0.742,1.40878732390092e-14
"467","Tspan3",4.39818785846276e-19,-0.394511355318551,0.21,0.31,1.4199549501047e-14
"468","Ifi47",5.2660690695719e-19,0.264813541997867,0.643,0.452,1.70015039911129e-14
"469","Spcs2",1.3114796335459e-18,-0.374192721695165,0.775,0.729,4.23411199690294e-14
"470","Hsp90b1",1.67023657251266e-18,-0.452682575987183,0.878,0.825,5.39235877435713e-14
"471","Atp8a1",2.23645126293825e-18,-0.433073539678705,0.26,0.344,7.22038290239615e-14
"472","Lamp2",2.31869284522159e-18,-0.394663714696936,0.883,0.817,7.48589985079792e-14
"473","Pdia4",2.77288303222143e-18,-0.449700613762552,0.445,0.494,8.95225286952688e-14
"474","Tgfbr1",4.6861595136373e-18,-0.540719152502885,0.573,0.58,1.5129265989778e-13
"475","Pik3r1",5.59501877712982e-18,-0.54980292831338,0.351,0.421,1.80635181219636e-13
"476","Dnmt3a",6.29430010117719e-18,-0.345829745889045,0.149,0.245,2.03211478766506e-13
"477","Daglb",6.96115226849923e-18,-0.484220348153492,0.309,0.389,2.24740800988498e-13
"478","Ctsb",7.30064570417102e-18,-0.467126919150546,0.986,0.961,2.35701346559161e-13
"479","Tmed3",8.33767351352635e-18,-0.397225136190249,0.66,0.639,2.69181789384198e-13
"480","Apbb1ip",1.04819846312102e-17,-0.461650890800142,0.454,0.5,3.3841087381862e-13
"481","Tuba1b",1.19542866567217e-17,-0.353610802823345,0.867,0.821,3.85944144712261e-13
"482","Otulinl",1.29116433283519e-17,-0.373216621384622,0.584,0.617,4.1685240485584e-13
"483","Smap2",2.04528539249092e-17,-0.414768943202797,0.347,0.414,6.60320388965693e-13
"484","Traf3ip3",3.3089484351002e-17,-0.274240029626307,0.12,0.215,1.0682940022721e-12
"485","Asah1",1.86966185144405e-16,-0.290875502173343,0.9,0.838,6.03620328738712e-12
"486","Ssr1",1.92643836138566e-16,-0.386431011156912,0.493,0.525,6.21950624973359e-12
"487","Calr",2.53527695328543e-16,-0.34429232298127,0.9,0.872,8.18514164368202e-12
"488","Syngr1",3.35986477473644e-16,-0.595770756062722,0.488,0.525,1.08473234252366e-11
"489","Il21r",5.3719274715252e-16,-0.37264872953892,0.539,0.573,1.73432678418191e-11
"490","Eif4a2",6.79193074521194e-16,-0.331976843983824,0.627,0.64,2.19277484109167e-11
"491","Slc12a9",7.47420597160014e-16,-0.420175153490715,0.211,0.3,2.41304739793111e-11
"492","Gm49980",1.12593713813169e-15,-0.261299436312084,0.139,0.229,3.63508805045816e-11
"493","Tubb5",2.24910129315275e-15,-0.3640180792156,0.849,0.814,7.26122352494364e-11
"494","Aif1",2.8620294583217e-15,-0.285058540547146,0.952,0.899,9.2400621061916e-11
"495","Cmtm6",4.21405940196254e-15,-0.421899773675915,0.342,0.405,1.36050907792361e-10
"496","Glmp",4.82210249963369e-15,-0.393689358023921,0.671,0.645,1.55681579200674e-10
"497","Ms4a4c",4.99105778313452e-15,0.278027301501677,0.714,0.546,1.61136300528498e-10
"498","Qk",8.63135727072419e-15,-0.495526940936656,0.566,0.552,2.78663369485331e-10
"499","B930036N10Rik",2.61185678974048e-14,-0.415370189957683,0.148,0.231,8.43237964567713e-10
"500","Mertk",3.73705364079989e-14,-0.471494601448992,0.262,0.329,1.20650776793224e-09
"501","Cyb561a3",4.10896959569662e-14,-0.283647697811748,0.156,0.24,1.32658083397065e-09
"502","Mbnl1",4.96953312454329e-14,-0.406333082376628,0.665,0.641,1.6044137692588e-09
"503","Srgap2",5.40607964695869e-14,-0.366015729408587,0.243,0.319,1.74535281402061e-09
"504","Ppt1",1.00040604464958e-13,-0.371851672979513,0.732,0.682,3.22981091515118e-09
"505","Icosl",1.0270676523906e-13,-0.267572672168561,0.125,0.205,3.31588791574307e-09
"506","AC149090.1",1.11346082907008e-13,-0.4860875554725,0.497,0.517,3.59480828665275e-09
"507","mt-Nd3",1.46294290784469e-13,-0.453880086162442,0.614,0.589,4.72311117797659e-09
"508","H2-DMb2",1.60458974170241e-13,-0.638575165958753,0.186,0.261,5.18041798108623e-09
"509","Ivns1abp",3.32072172953942e-13,-0.39906683275814,0.485,0.504,1.0720950103818e-08
"510","Canx",3.80042083957848e-13,-0.330985504354657,0.715,0.687,1.22696586805791e-08
"511","Slamf9",4.37362290911069e-13,-0.396825634878523,0.383,0.427,1.41202415620639e-08
"512","Ccl3",5.77397356629324e-13,-0.950669253000847,0.242,0.327,1.86412736587777e-08
"513","Gm46224",8.73277218258377e-13,-0.402303743800478,0.332,0.398,2.81937549914717e-08
"514","Psap",8.98439012819406e-13,-0.262077456043691,0.99,0.979,2.90061035288745e-08
"515","Ssr2",1.53304523495146e-12,-0.320824067051741,0.639,0.612,4.94943654104079e-08
"516","Evl",1.562103107264e-12,-0.363966717927803,0.644,0.615,5.04324988180182e-08
"517","Tmed9",2.59661461954293e-12,-0.257708115713532,0.805,0.742,8.38317029919436e-08
"518","Malat1",2.89333393277049e-12,-0.305071693990323,0.989,0.988,9.34112860194951e-08
"519","Sdf2l1",3.21907437328325e-12,-0.380986264804068,0.733,0.701,1.0392781614145e-07
"520","Hps4",3.54363363807632e-12,-0.29128071481159,0.191,0.266,1.14406212005294e-07
"521","Pik3ap1",3.84713715376831e-12,-0.425484635572227,0.463,0.489,1.2420482300941e-07
"522","Hexa",4.58458055092617e-12,-0.334685662624249,0.911,0.853,1.48013183086651e-07
"523","Syngr2",5.8376127077986e-12,-0.468860938659377,0.812,0.767,1.88467326271278e-07
"524","Etnk1",6.46358541362063e-12,-0.352830426513665,0.216,0.287,2.08676855078742e-07
"525","Srgn",7.07022874965181e-12,0.30935514935685,0.957,0.915,2.28262335182509e-07
"526","Cyth4",7.72094431326635e-12,-0.350964838159029,0.654,0.628,2.49270687153804e-07
"527","Ctss",1.01499324499661e-11,-0.295718700363559,0.994,0.99,3.27690569147155e-07
"528","Cd48",1.13030023459511e-11,-0.31943798312488,0.642,0.616,3.64917430739032e-07
"529","Mtdh",1.1511871666177e-11,-0.349549063669252,0.682,0.658,3.71660776742525e-07
"530","Tnfsf13b",1.34518004173432e-11,-0.342077013711696,0.284,0.342,4.34291376473924e-07
"531","Klrk1",2.27195304825509e-11,-0.661849275572111,0.148,0.216,7.33500041629155e-07
"532","Slc3a2",3.77996189914068e-11,-0.274039740895355,0.825,0.775,1.22036069913757e-06
"533","Il10ra",4.6046928926456e-11,-0.37861965992858,0.424,0.459,1.48662510039063e-06
"534","Sf3b1",4.62703081922702e-11,-0.288909316570622,0.721,0.673,1.49383689998744e-06
"535","Ccnt2",8.83366313452862e-11,-0.370987009106771,0.342,0.388,2.85194814298257e-06
"536","Ccl7",9.02384592346168e-11,-0.504181497675462,0.066,0.127,2.9133486563896e-06
"537","Fbrsl1",9.76870793782149e-11,-0.298619872927048,0.188,0.256,3.15382735772567e-06
"538","Adap2os",1.08458947904411e-10,-0.390861747630146,0.438,0.472,3.50159713309392e-06
"539","Sdf4",1.75220170149016e-10,-0.298104410928303,0.7,0.645,5.65698319326097e-06
"540","Gm26917",2.02787117714907e-10,-0.472261435936318,0.518,0.519,6.54698209542577e-06
"541","Selenof",2.56810840870499e-10,-0.251434540018398,0.837,0.785,8.29113799750405e-06
"542","Alkbh1",3.54969655039533e-10,-0.298872463159715,0.214,0.277,1.14601953129513e-05
"543","Sirpa",3.61575436699195e-10,-0.31477698190983,0.708,0.666,1.16734629738335e-05
"544","Ang",5.55116092110115e-10,-0.306949120876903,0.221,0.289,1.79219230337751e-05
"545","Itga6",6.20737327696912e-10,-0.281378441193078,0.137,0.201,2.00405046246948e-05
"546","Selenop",6.80660764678835e-10,-0.470614013305098,0.674,0.619,2.19751327876562e-05
"547","Gm4951",1.09862654759816e-09,-0.431280087743792,0.364,0.4,3.54691580892067e-05
"548","Nek7",1.12495895744034e-09,-0.316151447864742,0.266,0.322,3.63192999409615e-05
"549","Son",1.24869919880677e-09,-0.258406052928417,0.918,0.865,4.03142536334767e-05
"550","Arl6ip5",1.34653207537521e-09,-0.316059724745681,0.576,0.558,4.34727880534885e-05
"551","Lacc1",1.73791362355352e-09,-0.392696746996696,0.467,0.471,5.61085413364252e-05
"552","Ntpcr",2.06162472164001e-09,-0.411559704225505,0.479,0.481,6.65595541381477e-05
"553","Pde3b",2.51801143168007e-09,-0.287911167395144,0.203,0.261,8.12939990717912e-05
"554","Snrk",2.79058135880102e-09,-0.342946257272892,0.157,0.218,9.00939191688909e-05
"555","Ptms",3.04019048476929e-09,-0.285909881798708,0.775,0.738,9.81525498007766e-05
"556","Tcf4",3.37525789129014e-09,-0.375865248550913,0.391,0.423,0.000108970201020302
"557","Rtcb",3.74680105805361e-09,-0.319588910413147,0.614,0.591,0.000120965472159261
"558","Mpeg1",3.95900458839243e-09,-0.27439125987464,0.906,0.844,0.00012781646313625
"559","C4b",4.83871188458983e-09,-0.358514614626089,0.198,0.259,0.000156217813193983
"560","Rbm25",4.99050587867485e-09,-0.318391613162983,0.731,0.678,0.000161118482293018
"561","Saraf",5.09476174424008e-09,-0.346780226175122,0.53,0.52,0.000164484382912791
"562","Celf2",6.14770001045166e-09,-0.316844718422438,0.623,0.593,0.000198478494837432
"563","Stat2",6.66019259599238e-09,-0.329763816843333,0.267,0.319,0.000215024317961614
"564","Ifngr1",6.88853048164037e-09,-0.336697684187002,0.737,0.693,0.000222396206599759
"565","Tcn2",7.09059814461187e-09,-0.393070136485973,0.493,0.49,0.000228919961098794
"566","Etv3",7.48485223124609e-09,-0.312176912907935,0.167,0.226,0.00024164845428578
"567","Manf",9.38020903130473e-09,-0.311883222551188,0.727,0.687,0.000302840048575673
"568","Ddx39b",1.16666055833578e-08,-0.291356764537523,0.451,0.467,0.000376656361258706
"569","Fchsd2",1.50478243680267e-08,-0.250855062863194,0.112,0.168,0.000485819009721743
"570","Lrrk1",1.81565993184666e-08,-0.341884538034757,0.323,0.362,0.000586185808996693
"571","Naglu",1.82977708695238e-08,-0.341641039233385,0.381,0.406,0.000590743532522577
"572","Ergic3",1.88086552544389e-08,-0.31023653603856,0.686,0.626,0.00060723743488956
"573","Snrnp70",2.02220826024042e-08,-0.366448825169799,0.637,0.608,0.000652869936818618
"574","Mlec",2.07215041860638e-08,-0.298572258280428,0.315,0.356,0.00066899376264707
"575","Crlf3",2.18681215442404e-08,-0.298747154819167,0.384,0.414,0.0007060123040558
"576","Bmp2k",2.6803083180513e-08,-0.400279132236191,0.457,0.459,0.000865337540482862
"577","Itpr2",3.0812699399141e-08,-0.264114495776587,0.176,0.23,0.000994788000101266
"578","Tra2b",3.19748470394914e-08,-0.289914112596033,0.715,0.667,0.00103230793666998
"579","Akap13",5.08013581758891e-08,-0.329581742016813,0.627,0.603,0.00164012184870858
"580","Rnase4",6.49180031572634e-08,-0.387086917697616,0.348,0.381,0.00209587773193225
"581","Srsf7",6.53513437577141e-08,-0.288342082537144,0.687,0.646,0.0021098681332178
"582","Stx16",8.34105266634562e-08,-0.384702979706269,0.411,0.424,0.00269290885332968
"583","Atp6ap2",9.32463551206215e-08,-0.266650346181007,0.716,0.653,0.00301045857506927
"584","Comt",9.6620317924603e-08,-0.331388824047163,0.508,0.493,0.00311938696419581
"585","Arglu1",1.22775612260581e-07,-0.27912939022594,0.528,0.518,0.00396381064183287
"586","mt-Atp8",1.4039445795271e-07,-0.303276006974916,0.357,0.385,0.00453263507500323
"587","Actb",1.48729268038012e-07,-0.287744973056318,0.994,0.991,0.00480172441860723
"588","Dennd4a",1.50803657314253e-07,-0.388712944456855,0.478,0.472,0.00486869607639066
"589","Akr1b3",1.6127028513742e-07,-0.369654431295029,0.375,0.389,0.00520661115566159
"590","Zfhx3",1.89042812588062e-07,-0.403316923790297,0.366,0.377,0.00610324720440558
"591","Il1r2",2.61403720616461e-07,-0.297519829785858,0.083,0.131,0.00843941912010245
"592","Dpysl2",3.01645751403647e-07,-0.26265571173119,0.603,0.589,0.00973863308406673
"593","Serpinb9",3.06768973682939e-07,-0.403472377163112,0.077,0.123,0.0099040363153537
"594","Trem2",3.29071670968092e-07,-0.421143046411589,0.876,0.776,0.0106240788972048
"595","Os9",4.33756488042233e-07,-0.293963795644101,0.4,0.418,0.0140038282164435
"596","St6galnac4",4.554873108266e-07,-0.267343907470241,0.263,0.31,0.0147054078300368
"597","Glul",5.20066521107916e-07,-0.372716892366759,0.553,0.529,0.0167903476339691
"598","Inpp5d",5.41313563685537e-07,-0.315371605643389,0.494,0.488,0.0174763084035876
"599","Gns",6.27399077235111e-07,-0.300770027784064,0.648,0.603,0.0202555792085355
"600","Txndc15",6.47018214707713e-07,-0.290391196219209,0.363,0.384,0.0208889830618385
"601","Nptn",8.28261302392827e-07,-0.263389494917982,0.586,0.561,0.0267404161477524
"602","Phf11b",8.63540751732258e-07,-0.295192740812035,0.528,0.526,0.027879413169676
"603","Cd33",1.10005329394045e-06,-0.330121622317628,0.528,0.51,0.0355152205948674
"604","H2afz",1.29895072082275e-06,-0.324482993144445,0.97,0.911,0.0419366240217625
"605","Slc25a4",1.38821246409275e-06,-0.299704295093016,0.487,0.483,0.0448184394032343
"606","B430010I23Rik",1.52368392712809e-06,-0.256440647692265,0.164,0.215,0.0491921355873303
"607","Tmem173",2.27403887915734e-06,-0.277163291871045,0.486,0.48,0.0734173452135947
"608","Man1a2",2.66266528638957e-06,-0.322498362362624,0.326,0.35,0.0859641487710872
"609","E230029C05Rik",2.81315262974267e-06,-0.326450198032499,0.353,0.372,0.090822632651242
"610","Herc2",2.91592668818984e-06,-0.299242471112416,0.223,0.263,0.0941406931282091
"611","Tuba1a",3.27525763658609e-06,-0.410724060612765,0.318,0.344,0.105741692797182
"612","Cd2ap",3.73307928595993e-06,-0.295270102375599,0.344,0.364,0.120522464747216
"613","Ssh2",3.89318323285971e-06,-0.33164473927001,0.449,0.455,0.125691420672876
"614","H2-Q6",3.94370503746058e-06,-0.274024280319641,0.562,0.542,0.127322517134415
"615","Scamp2",4.14369257114141e-06,-0.290132135059009,0.512,0.487,0.133779114659301
"616","Krit1",4.40402655922348e-06,-0.269226440590008,0.352,0.372,0.14218399746453
"617","Sp110",4.75236804336586e-06,-0.272577352232168,0.659,0.608,0.153430202280067
"618","Nrip1",4.82646581056864e-06,-0.329634870783815,0.496,0.493,0.155822448694209
"619","Icam1",5.5373569926345e-06,-0.342833371161493,0.586,0.562,0.178773570507205
"620","Gtf2h2",5.77208647876366e-06,-0.27390857087124,0.262,0.298,0.186351811966885
"621","Sub1",6.14002826725043e-06,-0.303961351484924,0.927,0.861,0.19823081260818
"622","Adap2",7.40115781549386e-06,-0.350359939181969,0.555,0.518,0.238946380073219
"623","Clk1",7.93769381244069e-06,-0.289653892701366,0.504,0.493,0.256268444734648
"624","Arl6ip1",8.61941359206224e-06,-0.258687270550419,0.842,0.764,0.278277767819729
"625","Adcy7",8.74778537236264e-06,-0.315659931699142,0.331,0.351,0.282422250746728
"626","Trim12a",1.58490609086732e-05,-0.277020229561303,0.307,0.331,0.511686931436514
"627","Nagpa",1.61185765258383e-05,-0.250565405896035,0.307,0.331,0.52038824313669
"628","Tor3a",1.76186610452022e-05,-0.345010133447544,0.428,0.425,0.568818471844352
"629","Edem2",2.29523899201334e-05,-0.259617040516128,0.367,0.378,0.741017908571507
"630","Ptpra",2.42686736279798e-05,-0.301926794545394,0.402,0.398,0.783514128079326
"631","Trim30a",2.43904169778072e-05,-0.27618147582705,0.534,0.518,0.787444612128507
"632","Nktr",2.61527577156982e-05,-0.286138616142572,0.579,0.548,0.844341782851316
"633","Pag1",2.77315140648136e-05,-0.304234631431564,0.28,0.306,0.895311931582506
"634","Tbxas1",4.21812597561736e-05,-0.270270370480778,0.468,0.454,1
"635","Pnisr",4.56701768734659e-05,-0.295700432981471,0.548,0.518,1
"636","Entpd1",5.12526699102101e-05,-0.267896029827775,0.534,0.5,1
"637","Vkorc1",5.19549166130851e-05,-0.280949750668801,0.308,0.321,1
"638","Smim3",5.45906368183857e-05,-0.276914466536263,0.429,0.429,1
"639","Ccnd2",7.45031056769885e-05,-0.678088620393607,0.25,0.276,1
"640","Git2",7.56863524211572e-05,-0.349806750658036,0.418,0.407,1
"641","Ikzf1",7.83656704125927e-05,-0.298032502656285,0.321,0.338,1
"642","Rab3il1",8.56935435371801e-05,-0.269994813788708,0.295,0.322,1
"643","Vsir",9.21754287477339e-05,-0.276130596979024,0.622,0.572,1
"644","Pip4p1",0.000111277754951178,-0.252555764857049,0.508,0.483,1
"645","Nenf",0.000118763297906392,-0.266029454702668,0.409,0.398,1
"646","Akr1b10",0.000121394563586501,-0.302773983269848,0.309,0.321,1
"647","Tecr",0.00014449124282253,-0.260271134849842,0.52,0.492,1
"648","Ifitm1",0.000146373203313031,-1.31399581983913,0.542,0.535,1
"649","Pnn",0.000197416776381993,-0.312670072656519,0.394,0.392,1
"650","Samsn1",0.000243119363025579,-0.349791236167857,0.452,0.45,1
"651","Dock4",0.000256303510635297,-0.329485835157264,0.394,0.388,1
"652","Anxa3",0.000266483076000772,-0.301824511824616,0.717,0.639,1
"653","Ogt",0.000288969591871486,-0.289991394709667,0.491,0.471,1
"654","Dock10",0.000380049181284697,-0.310436854975004,0.387,0.384,1
"655","Ier5",0.000750355856020047,-0.258836311748318,0.572,0.54,1
"656","Zup1",0.000764105661191524,-0.254933502150453,0.321,0.328,1
"657","Ccnl2",0.000881982771768285,-0.255962116162658,0.476,0.461,1
"658","Tnf",0.00109749447910731,-0.323855642006692,0.393,0.306,1
"659","Ccni",0.00110177476999106,-0.258486313953008,0.534,0.496,1
"660","Frmd4b",0.001138462097435,-0.299355687872142,0.265,0.285,1
"661","Gcnt2",0.00120879099868288,-0.300868306409263,0.309,0.321,1
"662","Foxn3",0.0012220207138324,-0.276310206558187,0.394,0.384,1
"663","Gtpbp2",0.00122508240765327,-0.252433872017273,0.375,0.374,1
"664","Commd8",0.00144653136735187,-0.250898156230173,0.448,0.427,1
"665","Macf1",0.00150659514131931,-0.267679937218233,0.405,0.39,1
"666","Csrp1",0.00164311869635683,-0.339027987770991,0.255,0.273,1
"667","Cytip",0.00164698259102558,-0.255233790791276,0.325,0.246,1
"668","Asap1",0.00166264070393446,-0.279870909698773,0.367,0.362,1
"669","Prdx4",0.00179468516883629,-0.287570241228893,0.464,0.438,1
"670","Hist1h2ap",0.00223928009282205,-0.66486846721979,0.134,0.161,1
"671","Cxcl10",0.00255003591222045,-0.334968882173949,0.435,0.45,1
"672","Zc3h7a",0.00268858675068972,-0.280298716403075,0.343,0.343,1
"673","Ccr5",0.00305825644435221,-0.251861558869024,0.629,0.577,1
"674","Spp1",0.00482447164357992,0.375338785919404,0.512,0.443,1
"675","Egr1",0.00500630570937435,-0.276633780215771,0.395,0.313,1
"676","Bhlhe40",0.00603591677169292,-0.251438135543573,0.463,0.365,1
"677","Luc7l3",0.00620200994542891,-0.254438816463674,0.466,0.438,1
"678","Slc11a1",0.00773389789913072,-0.271353774427351,0.68,0.58,1
"679","Atp2c1",0.00907903956673884,-0.256710183129812,0.313,0.313,1
"680","Selenoh",0.0102093674494694,-0.262669993154671,0.324,0.32,1
"681","Trim35",0.0149171362214217,-0.251563056666458,0.276,0.28,1
"682","Jmjd1c",0.0219890899157554,-0.303551588282256,0.392,0.371,1
"683","Ktn1",0.0283494222094128,-0.260565255114389,0.339,0.331,1
"684","Camk2d",0.0288103796598268,-0.270984191888142,0.556,0.49,1
"685","Ppcdc",0.0477265322615975,-0.267172990213239,0.33,0.316,1
"686","Bcl2a1d",0.0722938349492928,-0.289773912292129,0.745,0.668,1
"687","Lsp1",0.106440944496873,-0.338647188102937,0.512,0.424,1
"688","Gpr171",0.370970033820556,-0.361476418291342,0.33,0.303,1
"689","Cd69",0.504349170010153,-0.295734621205114,0.294,0.278,1
"690","Tmem123",0.73591424207779,-0.42541960653726,0.523,0.444,1
